"Series Description","Average majority prime rate charged by banks   on short-term loans to business,   quoted on an investment basis","The rate charged for primary credit under   amendment to the Board's Regulation A"
"Unit:","Percent:_Per_Year","Percent:_Per_Year"
"Multiplier:","1","1"
"Currency:","NA","NA"
"Unique Identifier: ","H15/H15/RIFSPBLP_N.M","H15/H15/RIFSRP_F02_N.M"
"Time Period","RIFSPBLP_N.M","RIFSRP_F02_N.M"
2000-01,8.50,
2000-02,8.73,
2000-03,8.83,
2000-04,9.00,
2000-05,9.24,
2000-06,9.50,
2000-07,9.50,
2000-08,9.50,
2000-09,9.50,
2000-10,9.50,
2000-11,9.50,
2000-12,9.50,
2001-01,9.05,
2001-02,8.50,
2001-03,8.32,
2001-04,7.80,
2001-05,7.24,
2001-06,6.98,
2001-07,6.75,
2001-08,6.67,
2001-09,6.28,
2001-10,5.53,
2001-11,5.10,
2001-12,4.84,
2002-01,4.75,
2002-02,4.75,
2002-03,4.75,
2002-04,4.75,
2002-05,4.75,
2002-06,4.75,
2002-07,4.75,
2002-08,4.75,
2002-09,4.75,
2002-10,4.75,
2002-11,4.35,
2002-12,4.25,
2003-01,4.25,
2003-02,4.25,2.25
2003-03,4.25,2.25
2003-04,4.25,2.25
2003-05,4.25,2.25
2003-06,4.22,2.20
2003-07,4.00,2.00
2003-08,4.00,2.00
2003-09,4.00,2.00
2003-10,4.00,2.00
2003-11,4.00,2.00
2003-12,4.00,2.00
2004-01,4.00,2.00
2004-02,4.00,2.00
2004-03,4.00,2.00
2004-04,4.00,2.00
2004-05,4.00,2.00
2004-06,4.01,2.01
2004-07,4.25,2.25
2004-08,4.43,2.43
2004-09,4.58,2.58
2004-10,4.75,2.75
2004-11,4.93,2.93
2004-12,5.15,3.15
2005-01,5.25,3.25
2005-02,5.49,3.49
2005-03,5.58,3.58
2005-04,5.75,3.75
2005-05,5.98,3.98
2005-06,6.01,4.01
2005-07,6.25,4.25
2005-08,6.44,4.44
2005-09,6.59,4.59
2005-10,6.75,4.75
2005-11,7.00,5.00
2005-12,7.15,5.15
2006-01,7.26,5.26
2006-02,7.50,5.50
2006-03,7.53,5.53
2006-04,7.75,5.75
2006-05,7.93,5.93
2006-06,8.02,6.02
2006-07,8.25,6.25
2006-08,8.25,6.25
2006-09,8.25,6.25
2006-10,8.25,6.25
2006-11,8.25,6.25
2006-12,8.25,6.25
2007-01,8.25,6.25
2007-02,8.25,6.25
2007-03,8.25,6.25
2007-04,8.25,6.25
2007-05,8.25,6.25
2007-06,8.25,6.25
2007-07,8.25,6.25
2007-08,8.25,6.01
2007-09,8.03,5.53
2007-10,7.74,5.24
2007-11,7.50,5.00
2007-12,7.33,4.83
2008-01,6.98,4.48
2008-02,6.00,3.50
2008-03,5.66,3.04
2008-04,5.24,2.49
2008-05,5.00,2.25
2008-06,5.00,2.25
2008-07,5.00,2.25
2008-08,5.00,2.25
2008-09,5.00,2.25
2008-10,4.56,1.81
2008-11,4.00,1.25
2008-12,3.61,0.86
2009-01,3.25,0.50
2009-02,3.25,0.50
2009-03,3.25,0.50
2009-04,3.25,0.50
2009-05,3.25,0.50
2009-06,3.25,0.50
2009-07,3.25,0.50
2009-08,3.25,0.50
2009-09,3.25,0.50
2009-10,3.25,0.50
2009-11,3.25,0.50
2009-12,3.25,0.50
2010-01,3.25,0.50
2010-02,3.25,0.59
2010-03,3.25,0.75
2010-04,3.25,0.75
2010-05,3.25,0.75
2010-06,3.25,0.75
2010-07,3.25,0.75
2010-08,3.25,0.75
2010-09,3.25,0.75
2010-10,3.25,0.75
2010-11,3.25,0.75
2010-12,3.25,0.75
2011-01,3.25,0.75
2011-02,3.25,0.75
2011-03,3.25,0.75
2011-04,3.25,0.75
2011-05,3.25,0.75
2011-06,3.25,0.75
2011-07,3.25,0.75
2011-08,3.25,0.75
2011-09,3.25,0.75
2011-10,3.25,0.75
2011-11,3.25,0.75
2011-12,3.25,0.75
2012-01,3.25,0.75
2012-02,3.25,0.75
2012-03,3.25,0.75
2012-04,3.25,0.75
2012-05,3.25,0.75
2012-06,3.25,0.75
2012-07,3.25,0.75
2012-08,3.25,0.75
2012-09,3.25,0.75
2012-10,3.25,0.75
2012-11,3.25,0.75
2012-12,3.25,0.75
2013-01,3.25,0.75
2013-02,3.25,0.75
2013-03,3.25,0.75
2013-04,3.25,0.75
2013-05,3.25,0.75
2013-06,3.25,0.75
2013-07,3.25,0.75
2013-08,3.25,0.75
2013-09,3.25,0.75
2013-10,3.25,0.75
2013-11,3.25,0.75
2013-12,3.25,0.75
2014-01,3.25,0.75
2014-02,3.25,0.75
2014-03,3.25,0.75
2014-04,3.25,0.75
2014-05,3.25,0.75
2014-06,3.25,0.75
2014-07,3.25,0.75
2014-08,3.25,0.75
2014-09,3.25,0.75
2014-10,3.25,0.75
2014-11,3.25,0.75
2014-12,3.25,0.75
2015-01,3.25,0.75
2015-02,3.25,0.75
2015-03,3.25,0.75
2015-04,3.25,0.75
2015-05,3.25,0.75
2015-06,3.25,0.75
2015-07,3.25,0.75
2015-08,3.25,0.75
2015-09,3.25,0.75
2015-10,3.25,0.75
2015-11,3.25,0.75
2015-12,3.37,0.87
2016-01,3.50,1.00
2016-02,3.50,1.00
2016-03,3.50,1.00
2016-04,3.50,1.00
2016-05,3.50,1.00
2016-06,3.50,1.00
2016-07,3.50,1.00
2016-08,3.50,1.00
2016-09,3.50,1.00
2016-10,3.50,1.00
2016-11,3.50,1.00
2016-12,3.64,1.14
2017-01,3.75,1.25
2017-02,3.75,1.25
2017-03,3.88,1.38
2017-04,4.00,1.50
2017-05,4.00,1.50
2017-06,4.13,1.63
2017-07,4.25,1.75
2017-08,4.25,1.75
2017-09,4.25,1.75
2017-10,4.25,1.75
2017-11,4.25,1.75
2017-12,4.40,1.90
2018-01,4.50,2.00
2018-02,4.50,2.00
2018-03,4.58,2.08
2018-04,4.75,2.25
2018-05,4.75,2.25
2018-06,4.89,2.39
2018-07,5.00,2.50
2018-08,5.00,2.50
2018-09,5.03,2.53
2018-10,5.25,2.75
2018-11,5.25,2.75
2018-12,5.35,2.85
2019-01,5.50,3.00
2019-02,5.50,3.00
2019-03,5.50,3.00
2019-04,5.50,3.00
2019-05,5.50,3.00
2019-06,5.50,3.00
2019-07,5.50,3.00
2019-08,5.25,2.75
2019-09,5.15,2.65
2019-10,4.99,2.49
2019-11,4.75,2.25
2019-12,4.75,2.25
2020-01,4.75,2.25
2020-02,4.75,2.25
2020-03,3.78,1.02
2020-04,3.25,0.25
2020-05,3.25,0.25
2020-06,3.25,0.25
2020-07,3.25,0.25
2020-08,3.25,0.25
2020-09,3.25,0.25
2020-10,3.25,0.25
2020-11,3.25,0.25
2020-12,3.25,0.25
2021-01,3.25,0.25
2021-02,3.25,0.25
2021-03,3.25,0.25
2021-04,3.25,0.25
2021-05,3.25,0.25
2021-06,3.25,0.25
2021-07,3.25,0.25
2021-08,3.25,0.25
2021-09,3.25,0.25
2021-10,3.25,0.25
2021-11,3.25,0.25
2021-12,3.25,0.25
2022-01,3.25,0.25
2022-02,3.25,0.25
2022-03,3.37,0.37
2022-04,3.50,0.50
2022-05,3.94,0.94
2022-06,4.38,1.38
2022-07,4.85,1.85
2022-08,5.50,2.50
2022-09,5.73,2.73
2022-10,6.25,3.25
2022-11,6.95,3.95
2022-12,7.27,4.27
2023-01,7.50,4.50
2023-02,7.74,4.74
2023-03,7.82,4.82
2023-04,8.00,5.00
2023-05,8.23,5.23
2023-06,8.25,5.25
2023-07,8.29,5.29
2023-08,8.50,5.50
2023-09,8.50,5.50
2023-10,8.50,5.50
2023-11,8.50,5.50
2023-12,8.50,5.50
2024-01,8.50,5.50
2024-02,8.50,5.50
2024-03,8.50,5.50
2024-04,8.50,5.50
2024-05,8.50,5.50
2024-06,8.50,5.50
2024-07,8.50,5.50
2024-08,8.50,5.50
2024-09,8.30,5.30
2024-10,8.00,5.00
2024-11,7.81,4.81
2024-12,7.65,4.65
2025-01,7.50,4.50
2025-02,7.50,4.50
2025-03,7.50,4.50